{
"1N": {"type":"volumeset","version":1,"combine_and":false,"workspace_disabled":false,"workspace_not_edited":false,"members":[{"type":"flexicylinder","version":1,"origin":[11081.373156643893,4696.4735630421892,4500],"direction":[0.0,0.0,-1.0],"cylinder_length":4500,"nodes_x":[-1349.7578125,-1396.22265625,1408.408203125,1337.5693359375],"nodes_y":[90.02294921875,614.7744140625,-126.4375,-578.3623046875],"workspace_disabled":false,"workspace_not_edited":false}]},
"2N": {"type":"volumeset","version":1,"combine_and":false,"workspace_disabled":false,"workspace_not_edited":false,"members":[{"type":"flexicylinder","version":1,"origin":[10662.453018426459,5155.1556126836513,4500],"direction":[0.0,0.0,-1.0],"cylinder_length":4500,"nodes_x":[-950.71875,-963.1025390625,1020.7294921875,893.087890625],"nodes_y":[-39.203125,542.35107421875,19.8291015625,-522.9794921875],"workspace_disabled":false,"workspace_not_edited":false}]},
"2Nb": {"type":"volumeset","version":1,"combine_and":false,"workspace_disabled":false,"workspace_not_edited":false,"members":[{"type":"flexicylinder","version":1,"origin":[12015.778075108545,4807.238887723408,4500],"direction":[0.0,0.0,-1.0],"cylinder_length":4500,"nodes_x":[-571.560546875,-433.4169921875,562.046875,442.92578125],"nodes_y":[-140.02783203125,396.08447265625,140.53564453125,-396.59326171875],"workspace_disabled":false,"workspace_not_edited":false}]},
"3N": {"type":"volumeset","version":1,"combine_and":false,"workspace_disabled":false,"workspace_not_edited":false,"members":[{"type":"flexicylinder","version":1,"origin":[10263.413835921037,5635.848720434843,4500],"direction":[0.0,0.0,-1.0],"cylinder_length":4500,"nodes_x":[-571.560546875,-595.3046875,647.251953125,519.609375],"nodes_y":[-142.15771484375,442.23681640625,121.36474609375,-421.44384765625],"workspace_disabled":false,"workspace_not_edited":false}]},
"3Nb": {"type":"volumeset","version":1,"combine_and":false,"workspace_disabled":false,"workspace_not_edited":false,"members":[{"type":"flexicylinder","version":1,"origin":[11746.675138863784,5370.2959548529434,4500],"direction":[0.0,0.0,-1.0],"cylinder_length":4500,"nodes_x":[-984.0888671875,-840.265625,975.9990234375,848.3564453125],"nodes_y":[-47.013671875,508.9794921875,51.78125,-513.7490234375],"workspace_disabled":false,"workspace_not_edited":false}]},
"4N": {"type":"volumeset","version":1,"combine_and":false,"workspace_disabled":false,"workspace_not_edited":false,"members":[{"type":"flexicylinder","version":1,"origin":[11746.675138863784,5370.2959548529434,4500],"direction":[0.0,0.0,-1.0],"cylinder_length":4500,"nodes_x":[-984.0888671875,-840.265625,975.9990234375,848.3564453125],"nodes_y":[-47.013671875,508.9794921875,51.78125,-513.7490234375],"workspace_disabled":false,"workspace_not_edited":false}]},
"4Nb": {"type":"volumeset","version":1,"combine_and":false,"workspace_disabled":false,"workspace_not_edited":false,"members":[{"type":"flexicylinder","version":1,"origin":[11740.994865803208,5793.4762978658109,4500],"direction":[0.0,0.0,-1.0],"cylinder_length":4500,"nodes_x":[-1111.8955078125,-933.990234375,1112.3251953125,933.560546875],"nodes_y":[-78.25439453125,599.86474609375,85.86328125,-607.47265625],"workspace_disabled":false,"workspace_not_edited":false}]},
"event_1": {"type":"volumeset","version":1,"combine_and":false,"workspace_disabled":false,"workspace_not_edited":false,"members":[{"type":"flexicylinder","version":1,"origin":[11515.893959605826,5560.5032736198609,2329.6676307492517],"direction":[-0.035213836190381181,0.014207634177141911,-0.99927880437435757],"cylinder_length":1235.8917002334833,"nodes_x":[-178.5712890625,-94.375,175.134765625,97.80859375],"nodes_y":[-110.232421875,177.7509765625,106.3095703125,-173.82958984375],"workspace_disabled":false,"workspace_not_edited":true}]},
"event_2": {"type":"volumeset","version":1,"combine_and":false,"workspace_disabled":false,"workspace_not_edited":false,"members":[{"type":"flexicylinder","version":1,"origin":[11586.17014120442,4714.4534060817823,2303.8139989962806],"direction":[0.0069958376445190861,-0.015996946198700786,-0.99984756636597727],"cylinder_length":1075.8680902195574,"nodes_x":[-183.7529296875,-108.0986328125,185.58203125,106.2626953125],"nodes_y":[-126.61962890625,199.78271484375,125.09765625,-198.26171875],"workspace_disabled":false,"workspace_not_edited":false}]},
"event_2_expanded": {"type":"volumeset","version":1,"combine_and":false,"workspace_disabled":false,"workspace_not_edited":false,"members":[{"type":"flexicylinder","version":1,"origin":[11647.713975958868,4681.5907344529933,2350.488879947854],"direction":[-0.022056606243454631,0.03411723216561529,-0.9991744195036113],"cylinder_length":1092.4238156528618,"nodes_x":[-206.9013671875,-147.4052734375,206.8984375,147.4033203125],"nodes_y":[-64.5185546875,158.87744140625,64.517578125,-158.87841796875],"workspace_disabled":false,"workspace_not_edited":false}]},
"event_3": {"type":"volumeset","version":1,"combine_and":false,"workspace_disabled":false,"workspace_not_edited":false,"members":[{"type":"flexicylinder","version":1,"origin":[10708.542026669582,5374.5397195331552,2347.5774566614086],"direction":[0.0038963884024082094,-0.048833470394771351,-0.99879933436432589],"cylinder_length":1294.1242385915862,"nodes_x":[-202.2744140625,-114.673828125,200.345703125,116.6064453125],"nodes_y":[-111.55859375,196.5791015625,110.921875,-195.9423828125],"workspace_disabled":false,"workspace_not_edited":false}]},
"event_4": {"type":"volumeset","version":1,"combine_and":false,"workspace_disabled":false,"workspace_not_edited":false,"members":[{"type":"flexicylinder","version":1,"origin":[10866.987189965168,6313.7220436352945,2796.6409802527451],"direction":[-0.0016616964174208835,-0.0034916201416239213,-0.99999252364895352],"cylinder_length":1980.6378006135528,"nodes_x":[-296.8291015625,-188.5458984375,290.7109375,194.662109375],"nodes_y":[-151.1142578125,274.3759765625,146.5078125,-269.7705078125],"workspace_disabled":false,"workspace_not_edited":false}]},
"event_5": {"type":"volumeset","version":1,"combine_and":false,"workspace_disabled":false,"workspace_not_edited":false,"members":[{"type":"flexicylinder","version":1,"origin":[11300.320826684343,6081.2699134143422,2890.6354250387817],"direction":[0.0,0.0,-1.0],"cylinder_length":1996.0541267096946,"nodes_x":[-164.71484375,-111.3935546875,168.431640625,107.67578125],"nodes_y":[-91.568359375,162.37158203125,90.0595703125,-160.86474609375],"workspace_disabled":false,"workspace_not_edited":false}]},
"instrumentation_1N_inby":{"type":"volumeset","version":1,"combine_and":false,"workspace_disabled":false,"workspace_not_edited":false,"members":[{"type":"flexicylinder","version":1,"origin":[10523.398908376039,4660.226472467215,2215.7030980400696],"direction":[0.00034204912314449214,0.0021429752969945011,-0.99999764532686464],"cylinder_length":774.64600779932744,"nodes_x":[-90.140625,-46.30078125,90.1396484375,46.2998046875],"nodes_y":[-54.70361328125,94.72998046875,54.7021484375,-94.7314453125],"workspace_disabled":false,"workspace_not_edited":false}]},
"instrumentation_1N_outby":{"type":"volumeset","version":1,"combine_and":false,"workspace_disabled":false,"workspace_not_edited":false,"members":[{"type":"flexicylinder","version":1,"origin":[11781.469920149531,4314.516316856314,2940.2510137227678],"direction":[0.0,-8.8067672446249635e-16,-1.0],"cylinder_length":1902.9546622826883,"nodes_x":[-100.310546875,-59.08203125,100.3095703125,59.0810546875],"nodes_y":[-59.0810546875,100.31005859375,59.08154296875,-100.3095703125],"workspace_disabled":false,"workspace_not_edited":false}]}, 
"instrumentation_2N_inby":{"type":"volumeset","version":1,"combine_and":false,"workspace_disabled":false,"workspace_not_edited":false,"members":[{"type":"flexicylinder","version":1,"origin":[10509.098917248239,5003.3541602091391,1945.9013314353858],"direction":[-0.0080379017548941438,0.0075677749555184042,-0.9999390586018736],"cylinder_length":280.74668679960769,